,City,Lat,Lng,Max Temp,Humidity,Cloudiness,Wind Speed,Country,Date
0,punta arenas,-53.15,-70.9167,7.06,93,100,2.57,cl,1654957287
1,jamestown,42.097,-79.2353,20.4,63,100,0.89,sh,1654957472
2,bluff,-46.6,168.3333,1.0,82,87,5.19,nz,1654957474
3,shenavan,40.0549,43.9288,28.32,34,75,7.2,am,1654957475
4,medvedovskaya,45.4531,39.0258,31.12,34,58,4.5,ru,1654957476
5,fairbanks,64.8378,-147.7164,9.06,82,0,1.54,us,1654957477
6,ushuaia,-54.8,-68.3,3.81,93,0,2.06,ar,1654957331
7,chuy,-33.6971,-53.4616,9.35,63,58,7.87,uy,1654957480
8,rikitea,-23.1203,-134.9692,23.25,81,40,6.9,pf,1654957481
9,dikson,73.5069,80.5464,3.47,84,100,3.43,ru,1654957482
10,kapaa,22.0752,-159.319,22.18,91,75,6.17,us,1654957483
11,ushuaia,-54.8,-68.3,3.81,93,0,2.06,ar,1654957331
12,coquimbo,-29.9533,-71.3436,9.85,93,100,2.06,cl,1654957485
13,busselton,-33.65,115.3333,16.49,79,13,3.91,au,1654957487
14,hithadhoo,-0.6,73.0833,28.62,71,16,3.56,mv,1654957488
15,hobart,-42.8794,147.3294,5.7,85,100,8.75,au,1654957489
16,bonavista,48.6499,-53.1147,11.45,88,100,8.01,ca,1654957490
17,camana,-16.6228,-72.7111,18.21,72,65,3.05,pe,1654957492
18,asau,46.4333,26.4,21.27,81,100,2.29,tv,1654957493
19,georgetown,5.4112,100.3354,25.97,93,40,2.06,sh,1654957279
20,remanso,-9.6179,-42.0831,29.03,49,12,3.55,br,1654957495
21,orlik,52.5178,99.825,14.17,43,16,0.81,ru,1654957496
22,manjeshwar,12.7194,74.8861,24.53,78,100,1.18,in,1654957498
23,barrow,71.2906,-156.7887,0.01,86,100,5.14,us,1654957499
24,lokosovo,61.1333,74.8167,16.92,84,100,5.33,ru,1654957500
25,dingle,10.9995,122.6711,26.03,87,100,0.42,ie,1654957501
26,novorzhev,57.0294,29.3338,18.61,79,71,0.42,ru,1654957503
27,luanda,-8.8368,13.2343,25.0,78,0,6.17,ao,1654956973
28,dikson,73.5069,80.5464,3.47,84,100,3.43,ru,1654957482
29,yangjiang,21.85,111.9667,25.96,89,100,0.98,cn,1654957506
30,laguna,38.421,-121.4238,25.05,74,0,0.89,br,1654957507
31,barrow,71.2906,-156.7887,0.01,86,100,5.14,us,1654957499
32,tuatapere,-46.1333,167.6833,0.43,93,63,2.46,nz,1654957510
33,mvuma,-19.2792,30.5283,13.89,72,96,4.56,zw,1654957511
34,tasiilaq,65.6145,-37.6368,6.09,70,1,0.38,gl,1654957513
35,port alfred,-33.5906,26.891,27.88,27,72,0.45,za,1654957514
36,nikolskoye,59.7035,30.7861,23.94,43,33,2.57,ru,1654957515
37,kaitangata,-46.2817,169.8464,1.02,80,76,2.24,nz,1654957516
38,ribeira grande,38.5167,-28.7,19.22,82,75,3.09,pt,1654957518
39,lompoc,34.6391,-120.4579,18.08,84,0,1.54,us,1654957519
40,tuktoyaktuk,69.4541,-133.0374,2.0,93,100,5.66,ca,1654957521
41,rikitea,-23.1203,-134.9692,23.25,81,40,6.9,pf,1654957481
42,solok,-0.7918,100.6593,20.53,99,100,1.12,id,1654957525
43,arraial do cabo,-22.9661,-42.0278,19.98,88,100,4.12,br,1654957526
44,tuktoyaktuk,69.4541,-133.0374,2.0,93,100,5.66,ca,1654957521
45,huarmey,-10.0681,-78.1522,18.62,81,80,3.28,pe,1654957528
46,bredasdorp,-34.5322,20.0403,24.98,25,100,1.6,za,1654957529
47,jamestown,42.097,-79.2353,20.4,63,100,0.89,sh,1654957472
48,ushuaia,-54.8,-68.3,3.81,93,0,2.06,ar,1654957331
49,georgetown,5.4112,100.3354,25.97,93,40,2.06,sh,1654957279
50,kapaa,22.0752,-159.319,22.18,91,75,6.17,us,1654957483
51,caborca,30.5838,-111.101,29.14,35,2,0.72,mx,1654957535
52,richards bay,-28.783,32.0377,22.76,60,0,4.72,za,1654957537
53,port alfred,-33.5906,26.891,27.88,27,72,0.45,za,1654957514
54,thompson,55.7435,-97.8558,14.09,54,20,2.57,ca,1654957539
55,khatanga,71.9667,102.5,11.31,48,31,3.58,ru,1654957540
56,mukhen,48.1,136.1,10.13,89,0,1.37,ru,1654957541
57,barrow,71.2906,-156.7887,0.01,86,100,5.14,us,1654957499
58,lorengau,-2.0226,147.2712,26.92,79,59,2.35,pg,1654957544
59,mahebourg,-20.4081,57.7,23.16,73,75,5.14,mu,1654957545
60,yellowknife,62.456,-114.3525,15.29,77,75,6.69,ca,1654957546
61,punta arenas,-53.15,-70.9167,7.06,93,100,2.57,cl,1654957287
62,koundara,12.4833,-13.3,33.76,43,99,2.21,gn,1654957550
63,thompson,55.7435,-97.8558,14.09,54,20,2.57,ca,1654957539
64,batouri,4.4333,14.3667,30.67,45,57,0.62,cm,1654957552
65,udachnyy,66.4167,112.4,11.57,64,100,5.48,ru,1654957554
66,punta arenas,-53.15,-70.9167,7.06,93,100,2.57,cl,1654957287
67,punta arenas,-53.15,-70.9167,7.06,93,100,2.57,cl,1654957287
68,hermanus,-34.4187,19.2345,27.11,42,100,3.92,za,1654957557
69,bon accord,53.8335,-113.4187,16.01,78,58,1.44,ca,1654957558
70,cape town,-33.9258,18.4232,25.06,40,0,5.14,za,1654957560
71,saskylakh,71.9167,114.0833,15.07,45,53,7.08,ru,1654957561
72,avarua,-21.2078,-159.775,24.03,73,75,3.6,ck,1654957562
73,carnarvon,-24.8667,113.6333,21.61,69,2,4.31,au,1654957564
74,arraial do cabo,-22.9661,-42.0278,19.98,88,100,4.12,br,1654957526
75,hermanus,-34.4187,19.2345,27.11,42,100,3.92,za,1654957557
76,provideniya,64.3833,-173.3,2.31,80,56,1.27,ru,1654957567
77,joshimath,30.5667,79.5667,21.21,58,84,1.07,in,1654957568
78,hilo,19.7297,-155.09,23.49,88,0,3.6,us,1654957319
79,pisco,-13.7,-76.2167,15.57,100,100,1.03,pe,1654957570
80,ushuaia,-54.8,-68.3,3.81,93,0,2.06,ar,1654957331
81,vaini,-21.2,-175.2,24.09,88,75,2.57,to,1654957573
82,tabou,4.423,-7.3528,24.46,90,100,2.97,ci,1654957575
83,leningradskiy,69.3833,178.4167,0.02,80,98,5.51,ru,1654957576
84,hobart,-42.8794,147.3294,5.7,85,100,8.75,au,1654957489
85,namibe,-15.1961,12.1522,26.98,41,6,5.13,ao,1654957578
86,oranjemund,-28.55,16.4333,21.13,40,99,5.66,na,1654957579
87,aklavik,68.2191,-135.0107,1.0,100,100,5.66,ca,1654957581
88,ongandjera,-17.8833,15.0667,25.71,21,0,3.69,na,1654957582
89,busselton,-33.65,115.3333,16.49,79,13,3.91,au,1654957487
90,isangel,-19.55,169.2667,24.82,86,59,2.63,vu,1654957585
91,qaanaaq,77.484,-69.3632,-1.59,80,100,2.81,gl,1654957587
92,ushuaia,-54.8,-68.3,3.81,93,0,2.06,ar,1654957331
93,hermanus,-34.4187,19.2345,27.11,42,100,3.92,za,1654957557
94,sitka,57.0531,-135.33,9.94,87,100,2.57,us,1654957367
95,ushuaia,-54.8,-68.3,3.81,93,0,2.06,ar,1654957331
96,ushuaia,-54.8,-68.3,3.81,93,0,2.06,ar,1654957331
97,lagdo,9.05,13.7333,38.62,27,9,0.71,cm,1654957594
98,homer,59.6425,-151.5483,11.0,86,20,0.89,us,1654957595
99,banda aceh,5.5577,95.3222,26.78,80,77,3.8,id,1654957596
100,tuatapere,-46.1333,167.6833,0.43,93,63,2.46,nz,1654957510
101,jibuti,11.5,42.5,38.31,16,85,4.25,dj,1654957600
102,rikitea,-23.1203,-134.9692,23.25,81,40,6.9,pf,1654957481
103,litovko,49.2361,135.1742,12.0,89,9,0.37,ru,1654957603
104,bethel,41.3712,-73.414,24.12,57,40,2.06,us,1654957604
105,saint george,37.1041,-113.5841,29.88,22,0,1.54,bm,1654957605
106,butaritari,3.0707,172.7902,27.38,76,14,4.94,ki,1654957607
107,port alfred,-33.5906,26.891,27.88,27,72,0.45,za,1654957514
108,batesville,35.7698,-91.641,24.23,78,0,1.54,us,1654957611
109,atuona,-9.8,-139.0333,25.12,68,57,5.63,pf,1654957612
110,makokou,0.5738,12.8642,29.19,70,75,1.78,ga,1654957613
111,castro,-24.7911,-50.0119,10.92,49,100,2.07,cl,1654957614
112,kizukuri,40.8061,140.3861,15.53,96,50,1.04,jp,1654957616
113,lasa,46.6166,10.7002,27.05,32,0,2.27,cn,1654957617
114,albany,42.6001,-73.9662,20.53,67,100,0.45,au,1654956942
115,albany,42.6001,-73.9662,20.53,67,100,0.45,au,1654956942
116,busselton,-33.65,115.3333,16.49,79,13,3.91,au,1654957487
117,atuona,-9.8,-139.0333,25.12,68,57,5.63,pf,1654957612
118,burnie,-41.0667,145.9167,11.07,71,66,8.97,au,1654957622
119,vaini,-21.2,-175.2,24.09,88,75,2.57,to,1654957573
120,carnarvon,-24.8667,113.6333,21.61,69,2,4.31,au,1654957564
121,provideniya,64.3833,-173.3,2.31,80,56,1.27,ru,1654957567
122,mataura,-46.1927,168.8643,0.82,95,59,2.27,pf,1654957627
123,coos bay,43.3665,-124.2179,16.84,100,100,2.06,us,1654957629
124,perelyub,51.8667,50.3667,24.03,52,63,5.51,ru,1654957631
125,saint-pierre,-21.3393,55.4781,21.82,64,75,4.63,re,1654957633
126,san patricio,28.017,-97.5169,31.02,64,5,5.84,mx,1654957634
127,torbay,47.6666,-52.7314,20.43,68,75,7.2,ca,1654957636
128,hovd,48.0056,91.6419,20.96,27,74,2.79,mn,1654957637
129,mataura,-46.1927,168.8643,0.82,95,59,2.27,pf,1654957627
130,buluang,13.3068,123.3425,26.07,87,98,1.15,ph,1654957639
131,ushuaia,-54.8,-68.3,3.81,93,0,2.06,ar,1654957331
132,rikitea,-23.1203,-134.9692,23.25,81,40,6.9,pf,1654957481
133,albany,42.6001,-73.9662,20.53,67,100,0.45,au,1654956942
134,jamestown,42.097,-79.2353,20.4,63,100,0.89,sh,1654957472
135,mersing,2.4312,103.8405,24.95,88,40,3.09,my,1654957644
136,barrow,71.2906,-156.7887,0.01,86,100,5.14,us,1654957499
137,busselton,-33.65,115.3333,16.49,79,13,3.91,au,1654957487
138,sicamous,50.8331,-118.9856,14.54,91,10,1.77,ca,1654957648
139,tasiilaq,65.6145,-37.6368,6.09,70,1,0.38,gl,1654957513
140,kholm,59.2667,32.85,21.46,50,84,2.73,ru,1654957651
141,kodiak,57.79,-152.4072,11.73,82,100,5.14,us,1654957653
142,vaini,-21.2,-175.2,24.09,88,75,2.57,to,1654957573
143,iralaya,15.0,-83.2333,26.41,83,100,6.13,hn,1654957655
144,dalvik,65.9702,-18.5286,7.96,95,100,0.49,is,1654957656
145,garowe,8.4054,48.4845,35.05,25,61,9.81,so,1654957657
146,dvinskoy,62.1535,45.1175,16.64,35,51,4.6,ru,1654957659
147,bluff,-46.6,168.3333,1.0,82,87,5.19,nz,1654957474
148,vila velha,-20.3297,-40.2925,25.97,73,75,6.71,br,1654957661
149,kirkwood,38.5834,-90.4068,24.77,84,75,1.54,za,1654957662
150,dikson,73.5069,80.5464,3.47,84,100,3.43,ru,1654957482
151,meulaboh,4.1363,96.1285,26.07,83,100,0.91,id,1654957665
152,mogadishu,2.0371,45.3438,26.98,77,37,8.02,so,1654957666
153,provideniya,64.3833,-173.3,2.31,80,56,1.27,ru,1654957567
154,bredasdorp,-34.5322,20.0403,24.98,25,100,1.6,za,1654957529
155,ushuaia,-54.8,-68.3,3.81,93,0,2.06,ar,1654957331
156,praia da vitoria,38.7333,-27.0667,17.64,94,75,6.62,pt,1654957671
157,bengkulu,-3.8004,102.2655,24.56,89,100,2.74,id,1654957673
158,bethel,41.3712,-73.414,24.12,57,40,2.06,us,1654957604
159,kavaratti,10.5669,72.642,28.72,77,91,7.92,in,1654957675
160,ancud,-41.8697,-73.8203,6.4,77,100,2.24,cl,1654957676
161,semey,50.4111,80.2275,28.12,30,75,5.0,kz,1654957677
162,carnarvon,-24.8667,113.6333,21.61,69,2,4.31,au,1654957564
163,cape town,-33.9258,18.4232,25.06,40,0,5.14,za,1654957560
164,luderitz,-26.6481,15.1594,22.1,40,95,5.79,na,1654957681
165,thompson,55.7435,-97.8558,14.09,54,20,2.57,ca,1654957539
166,codrington,-38.2667,141.9667,11.0,77,100,8.7,ag,1654957683
167,atuona,-9.8,-139.0333,25.12,68,57,5.63,pf,1654957612
168,tilichiki,60.4667,166.1,4.19,93,100,0.92,ru,1654957685
169,kavieng,-2.5744,150.7967,27.78,71,10,5.3,pg,1654957686
170,khatanga,71.9667,102.5,11.31,48,31,3.58,ru,1654957540
171,lebu,-37.6167,-73.65,10.26,73,92,1.88,cl,1654957690
172,komsomolskiy,40.4272,71.7189,32.4,25,100,3.09,ru,1654957691
173,qui nhon,13.7667,109.2333,27.42,87,100,1.11,vn,1654957692
174,talnakh,69.4865,88.3972,19.56,38,5,4.61,ru,1654957693
175,hami,42.8,93.45,27.57,8,0,2.0,cn,1654957695
176,barrow,71.2906,-156.7887,0.01,86,100,5.14,us,1654957499
177,vila franca do campo,37.7167,-25.4333,21.23,79,99,3.45,pt,1654957697
178,puerto ayora,-0.7393,-90.3518,22.98,94,64,1.34,ec,1654957699
179,kalmunai,7.4167,81.8167,29.06,72,100,1.09,lk,1654957700
180,mataura,-46.1927,168.8643,0.82,95,59,2.27,pf,1654957627
181,tarakan,3.3,117.6333,25.72,94,20,1.03,id,1654957578
182,nemuro,43.3236,145.575,9.8,99,100,5.71,jp,1654957704
183,harper,4.375,-7.7169,24.79,89,100,3.47,lr,1654957706
184,mar del plata,-38.0023,-57.5575,11.16,73,0,5.14,ar,1654957707
185,dukat,62.55,155.55,2.45,97,100,0.82,ru,1654957708
186,saint-philippe,-21.3585,55.7679,21.77,76,81,5.45,re,1654957709
187,albany,42.6001,-73.9662,20.53,67,100,0.45,au,1654956942
188,puerto ayora,-0.7393,-90.3518,22.98,94,64,1.34,ec,1654957699
189,cherskiy,68.75,161.3,14.78,45,100,2.31,ru,1654957713
190,avarua,-21.2078,-159.775,24.03,73,75,3.6,ck,1654957562
191,ushuaia,-54.8,-68.3,3.81,93,0,2.06,ar,1654957331
192,punta arenas,-53.15,-70.9167,7.06,93,100,2.57,cl,1654957287
193,bluff,-46.6,168.3333,1.0,82,87,5.19,nz,1654957474
194,punta arenas,-53.15,-70.9167,7.06,93,100,2.57,cl,1654957287
195,moose factory,51.2585,-80.6094,12.0,82,100,2.06,ca,1654957719
196,rikitea,-23.1203,-134.9692,23.25,81,40,6.9,pf,1654957481
197,puerto ayora,-0.7393,-90.3518,22.98,94,64,1.34,ec,1654957699
198,xuddur,4.1213,43.8894,31.77,33,8,9.32,so,1654957722
199,kapaa,22.0752,-159.319,22.18,91,75,6.17,us,1654957483
200,bluff,-46.6,168.3333,1.0,82,87,5.19,nz,1654957474
201,vao,-22.6667,167.4833,22.44,82,98,4.34,nc,1654957725
202,qaanaaq,77.484,-69.3632,-1.59,80,100,2.81,gl,1654957587
203,garowe,8.4054,48.4845,35.05,25,61,9.81,so,1654957657
204,malazgirt,39.1427,42.5401,23.23,43,39,3.24,tr,1654957728
205,hilo,19.7297,-155.09,23.49,88,0,3.6,us,1654957319
206,rikitea,-23.1203,-134.9692,23.25,81,40,6.9,pf,1654957481
207,hobart,-42.8794,147.3294,5.7,85,100,8.75,au,1654957489
208,torbay,47.6666,-52.7314,20.43,68,75,7.2,ca,1654957636
209,dajal,29.5577,70.3762,42.86,14,19,5.62,pk,1654957734
210,alihe,50.5667,123.7167,15.64,55,68,1.05,cn,1654957735
211,meulaboh,4.1363,96.1285,26.07,83,100,0.91,id,1654957665
212,mataura,-46.1927,168.8643,0.82,95,59,2.27,pf,1654957627
213,hermanus,-34.4187,19.2345,27.11,42,100,3.92,za,1654957557
214,ostrovnoy,68.0531,39.5131,14.4,46,44,2.14,ru,1654957739
215,cesvaine,56.9667,26.3167,21.29,65,24,0.75,lv,1654957741
216,hobart,-42.8794,147.3294,5.7,85,100,8.75,au,1654957489
217,carnarvon,-24.8667,113.6333,21.61,69,2,4.31,au,1654957564
218,carnarvon,-24.8667,113.6333,21.61,69,2,4.31,au,1654957564
219,mataura,-46.1927,168.8643,0.82,95,59,2.27,pf,1654957627
220,mataura,-46.1927,168.8643,0.82,95,59,2.27,pf,1654957627
221,sao filipe,14.8961,-24.4956,23.77,78,11,2.47,cv,1654957748
222,flin flon,54.7682,-101.865,12.91,62,100,3.6,ca,1654957686
223,broken hill,-31.95,141.4333,8.25,72,0,4.2,au,1654957751
224,falciu,46.2961,28.1408,24.27,61,100,2.91,ro,1654957752
225,ushuaia,-54.8,-68.3,3.81,93,0,2.06,ar,1654957331
226,dikson,73.5069,80.5464,3.47,84,100,3.43,ru,1654957482
227,saint george,37.1041,-113.5841,29.88,22,0,1.54,bm,1654957605
228,busselton,-33.65,115.3333,16.49,79,13,3.91,au,1654957487
229,thompson,55.7435,-97.8558,14.09,54,20,2.57,ca,1654957539
230,esperance,-33.8667,121.9,14.49,55,42,8.63,au,1654957760
231,tanout,14.9709,8.8879,38.61,19,24,3.49,ne,1654957761
232,sitka,57.0531,-135.33,9.94,87,100,2.57,us,1654957367
233,ketchikan,55.3422,-131.6461,10.26,87,75,6.17,us,1654957764
234,provideniya,64.3833,-173.3,2.31,80,56,1.27,ru,1654957567
235,mataura,-46.1927,168.8643,0.82,95,59,2.27,pf,1654957627
236,new norfolk,-42.7826,147.0587,5.51,82,100,1.79,au,1654957767
237,upernavik,72.7868,-56.1549,-2.84,80,11,4.1,gl,1654957769
238,grand-lahou,5.1367,-5.0242,26.95,78,100,5.0,ci,1654957770
239,ushuaia,-54.8,-68.3,3.81,93,0,2.06,ar,1654957331
240,poum,-20.2333,164.0167,24.23,75,57,5.33,nc,1654957775
241,new norfolk,-42.7826,147.0587,5.51,82,100,1.79,au,1654957767
242,leningradskiy,69.3833,178.4167,0.02,80,98,5.51,ru,1654957576
243,hilo,19.7297,-155.09,23.49,88,0,3.6,us,1654957319
244,cape town,-33.9258,18.4232,25.06,40,0,5.14,za,1654957560
245,clyde river,70.4692,-68.5914,1.13,93,100,5.66,ca,1654957780
246,bengkulu,-3.8004,102.2655,24.56,89,100,2.74,id,1654957673
247,castro,-24.7911,-50.0119,10.92,49,100,2.07,cl,1654957614
248,kamskiye polyany,55.4307,51.4171,20.45,75,72,5.68,ru,1654957784
249,geilo,60.5333,8.2076,14.75,61,100,7.22,no,1654957785
250,juegang,32.3174,121.1855,22.75,88,74,3.8,cn,1654957786
251,lavrentiya,65.5833,-171.0,1.26,68,66,7.52,ru,1654957787
252,busselton,-33.65,115.3333,16.49,79,13,3.91,au,1654957487
253,presidencia roque saenz pena,-26.7852,-60.4388,11.82,35,7,1.57,ar,1654957790
254,guerrero negro,27.9769,-114.0611,18.83,81,17,4.29,mx,1654957791
255,mar del plata,-38.0023,-57.5575,11.16,73,0,5.14,ar,1654957707
256,san quintin,30.4833,-115.95,18.87,82,2,2.07,mx,1654957793
257,mbini,1.574,9.6134,26.89,78,85,4.05,gq,1654957795
258,bredasdorp,-34.5322,20.0403,24.98,25,100,1.6,za,1654957529
259,yenagoa,4.9247,6.2642,25.36,86,100,3.24,ng,1654957797
260,ribeira brava,32.65,-17.0667,27.06,74,0,0.6,pt,1654957798
261,dicabisagan,17.0818,122.4157,27.14,81,74,1.32,ph,1654957800
262,aklavik,68.2191,-135.0107,1.0,100,100,5.66,ca,1654957581
263,riyadh,24.6877,46.7219,43.08,6,0,7.24,sa,1654957619
264,linfen,36.0889,111.5189,27.25,40,100,3.62,cn,1654957803
265,kavaratti,10.5669,72.642,28.72,77,91,7.92,in,1654957675
266,saint-augustin,51.226,-58.6502,12.5,87,100,9.48,ca,1654957805
267,barrow,71.2906,-156.7887,0.01,86,100,5.14,us,1654957499
268,jamestown,42.097,-79.2353,20.4,63,100,0.89,sh,1654957472
269,punta arenas,-53.15,-70.9167,7.06,93,100,2.57,cl,1654957287
270,bambous virieux,-20.3428,57.7575,23.14,73,75,5.14,mu,1654957810
271,new norfolk,-42.7826,147.0587,5.51,82,100,1.79,au,1654957767
272,severo-kurilsk,50.6789,156.125,6.4,85,91,4.49,ru,1654957814
273,rikitea,-23.1203,-134.9692,23.25,81,40,6.9,pf,1654957481
274,georgetown,5.4112,100.3354,25.97,93,40,2.06,sh,1654957279
275,kodino,63.7198,39.6447,17.13,51,69,0.47,ru,1654957817
276,grand gaube,-20.0064,57.6608,23.22,80,72,3.58,mu,1654957819
277,high level,58.5169,-117.136,13.06,94,40,2.06,ca,1654957821
278,port hedland,-20.3167,118.5667,20.03,88,0,2.06,au,1654957822
279,arraial do cabo,-22.9661,-42.0278,19.98,88,100,4.12,br,1654957526
280,ushuaia,-54.8,-68.3,3.81,93,0,2.06,ar,1654957331
281,ribeira grande,38.5167,-28.7,19.22,82,75,3.09,pt,1654957518
282,barrow,71.2906,-156.7887,0.01,86,100,5.14,us,1654957499
283,arraial do cabo,-22.9661,-42.0278,19.98,88,100,4.12,br,1654957526
284,komsomolskiy,40.4272,71.7189,32.4,25,100,3.09,ru,1654957691
285,punta arenas,-53.15,-70.9167,7.06,93,100,2.57,cl,1654957287
286,bengkulu,-3.8004,102.2655,24.56,89,100,2.74,id,1654957673
287,champerico,14.3,-91.9167,25.3,75,100,1.53,gt,1654957831
288,mataura,-46.1927,168.8643,0.82,95,59,2.27,pf,1654957627
289,hamilton,39.1834,-84.5333,22.08,79,100,1.54,bm,1654957627
290,provideniya,64.3833,-173.3,2.31,80,56,1.27,ru,1654957567
291,castro,-24.7911,-50.0119,10.92,49,100,2.07,cl,1654957614
292,rikitea,-23.1203,-134.9692,23.25,81,40,6.9,pf,1654957481
293,fortuna,40.5982,-124.1573,18.29,94,100,0.0,us,1654957837
294,pemba,-12.974,40.5178,27.39,65,20,6.17,mz,1654957838
295,east london,-33.0153,27.9116,24.52,53,0,1.54,za,1654957840
296,acapulco,16.8634,-99.8901,25.9,83,100,2.06,mx,1654957841
297,isla mujeres,21.2311,-86.731,29.03,72,3,4.05,mx,1654957842
298,vagur,61.4732,-6.8119,9.6,97,95,2.85,fo,1654957843
299,saskylakh,71.9167,114.0833,15.07,45,53,7.08,ru,1654957561
300,barrow,71.2906,-156.7887,0.01,86,100,5.14,us,1654957499
301,neuquen,-38.9516,-68.0591,2.94,44,0,0.0,ar,1654957847
302,jamestown,42.097,-79.2353,20.4,63,100,0.89,sh,1654957472
303,barranquilla,10.9639,-74.7964,27.88,83,75,2.57,co,1654957752
304,kutno,52.2306,19.3641,25.31,64,65,2.61,pl,1654957850
305,dingle,10.9995,122.6711,26.03,87,100,0.42,ie,1654957501
306,cidreira,-30.1811,-50.2056,8.97,61,4,9.03,br,1654957759
307,rikitea,-23.1203,-134.9692,23.25,81,40,6.9,pf,1654957481
308,cherskiy,68.75,161.3,14.78,45,100,2.31,ru,1654957713
309,boa vista,2.8197,-60.6733,25.99,83,75,4.12,br,1654957622
310,gravdal,68.1214,13.5031,8.94,93,75,2.06,no,1654957856
311,newport,51.5877,-2.9984,20.98,71,6,9.59,us,1654957730
312,busselton,-33.65,115.3333,16.49,79,13,3.91,au,1654957487
313,east london,-33.0153,27.9116,24.52,53,0,1.54,za,1654957840
314,saint-philippe,-21.3585,55.7679,21.77,76,81,5.45,re,1654957709
315,constitucion,-35.3333,-72.4167,14.49,39,10,1.23,mx,1654957862
316,bethel,41.3712,-73.414,24.12,57,40,2.06,us,1654957604
317,hermanus,-34.4187,19.2345,27.11,42,100,3.92,za,1654957557
318,tingo maria,-9.2895,-76.0088,20.17,94,100,1.03,pe,1654957865
319,east london,-33.0153,27.9116,24.52,53,0,1.54,za,1654957840
320,hithadhoo,-0.6,73.0833,28.62,71,16,3.56,mv,1654957488
321,san patricio,28.017,-97.5169,31.02,64,5,5.84,mx,1654957634
322,vaini,-21.2,-175.2,24.09,88,75,2.57,to,1654957573
323,russell,32.3502,-85.1999,27.23,69,40,0.0,nz,1654957870
324,hobart,-42.8794,147.3294,5.7,85,100,8.75,au,1654957489
325,santa marinella,42.0345,11.8536,31.5,48,3,8.62,it,1654957873
326,kapaa,22.0752,-159.319,22.18,91,75,6.17,us,1654957483
327,kapaa,22.0752,-159.319,22.18,91,75,6.17,us,1654957483
328,palasa,18.7667,84.4167,30.18,59,99,4.29,in,1654957876
329,mar del plata,-38.0023,-57.5575,11.16,73,0,5.14,ar,1654957707
330,jamestown,42.097,-79.2353,20.4,63,100,0.89,sh,1654957472
331,kapaa,22.0752,-159.319,22.18,91,75,6.17,us,1654957483
332,rikitea,-23.1203,-134.9692,23.25,81,40,6.9,pf,1654957481
333,hervey bay,-25.2986,152.8535,11.12,71,69,1.34,au,1654957881
334,kapaa,22.0752,-159.319,22.18,91,75,6.17,us,1654957483
335,nanortalik,60.1432,-45.2371,6.61,69,100,3.98,gl,1654957883
336,pumiao,22.75,108.4833,26.22,94,100,0.52,cn,1654957885
337,rikitea,-23.1203,-134.9692,23.25,81,40,6.9,pf,1654957481
338,tsogni,-2.7942,10.0988,26.61,71,17,4.39,ga,1654957887
339,tiksi,71.6872,128.8694,3.18,76,85,3.24,ru,1654957888
340,kruisfontein,-34.0033,24.7314,26.05,22,28,4.46,za,1654957846
341,cidreira,-30.1811,-50.2056,8.97,61,4,9.03,br,1654957759
342,kamenka,51.3223,42.7678,21.76,69,90,2.3,ru,1654957891
343,georgetown,5.4112,100.3354,25.97,93,40,2.06,sh,1654957279
344,mikhaylovka,50.06,43.2379,24.57,62,100,2.59,kz,1654957894
345,busselton,-33.65,115.3333,16.49,79,13,3.91,au,1654957487
346,hobart,-42.8794,147.3294,5.7,85,100,8.75,au,1654957489
347,saskylakh,71.9167,114.0833,15.07,45,53,7.08,ru,1654957561
348,klyuchevskiy,53.5317,119.4519,13.08,61,7,0.95,ru,1654957900
349,hermanus,-34.4187,19.2345,27.11,42,100,3.92,za,1654957557
350,mar del plata,-38.0023,-57.5575,11.16,73,0,5.14,ar,1654957707
351,vila do maio,15.1333,-23.2167,29.44,83,37,3.58,cv,1654957903
352,ushuaia,-54.8,-68.3,3.81,93,0,2.06,ar,1654957331
353,rikitea,-23.1203,-134.9692,23.25,81,40,6.9,pf,1654957481
354,georgetown,5.4112,100.3354,25.97,93,40,2.06,sh,1654957279
355,yellowknife,62.456,-114.3525,15.29,77,75,6.69,ca,1654957546
356,hithadhoo,-0.6,73.0833,28.62,71,16,3.56,mv,1654957488
357,lebu,-37.6167,-73.65,10.26,73,92,1.88,cl,1654957690
358,behbahan,30.5959,50.2417,39.91,4,0,9.36,ir,1654957910
359,vallenar,-28.5708,-70.7581,19.95,35,0,1.5,cl,1654957912
360,caravelas,-17.7125,-39.2481,25.04,75,89,3.24,br,1654957913
361,hambantota,6.1241,81.1185,28.19,83,75,3.6,lk,1654957914
362,kodiak,57.79,-152.4072,11.73,82,100,5.14,us,1654957653
363,ligayan,4.6533,119.4706,28.86,71,4,4.26,ph,1654957916
364,siguiri,11.6667,-9.5,39.41,20,86,2.78,gn,1654957918
365,mataura,-46.1927,168.8643,0.82,95,59,2.27,pf,1654957627
366,shenjiamen,29.9576,122.298,20.66,85,100,3.15,cn,1654957920
367,castro,-24.7911,-50.0119,10.92,49,100,2.07,cl,1654957614
368,albany,42.6001,-73.9662,20.79,64,100,0.13,au,1654957789
369,xuddur,4.1213,43.8894,31.77,33,8,9.32,so,1654957722
370,saldanha,-33.0117,17.9442,27.03,52,100,5.8,za,1654957924
371,redlands,34.0556,-117.1825,33.55,58,0,0.0,us,1654957925
372,jamestown,42.097,-79.2353,20.4,63,100,0.89,sh,1654957472
373,canazas,8.3167,-81.2167,27.62,74,20,0.97,pa,1654957928
374,cape town,-33.9258,18.4232,25.06,40,0,5.14,za,1654957560
375,chuy,-33.6971,-53.4616,9.35,63,58,7.87,uy,1654957480
376,ashland,40.8167,-82.2665,21.82,69,38,4.14,us,1654957931
377,mahebourg,-20.4081,57.7,23.16,73,75,5.14,mu,1654957545
378,camacha,33.0833,-16.3333,20.68,73,40,8.23,pt,1654957933
379,kysyl-syr,63.8986,122.7617,9.7,86,50,1.51,ru,1654957934
380,provideniya,64.3833,-173.3,2.31,80,56,1.27,ru,1654957567
381,atuona,-9.8,-139.0333,25.12,68,57,5.63,pf,1654957612
382,new norfolk,-42.7826,147.0587,5.51,82,100,1.79,au,1654957767
383,port elizabeth,-33.918,25.5701,27.28,26,0,4.12,za,1654957941
384,nantucket,41.2835,-70.0995,23.08,75,0,1.54,us,1654957795
385,shellbrook,53.2168,-106.4011,12.57,76,96,3.6,ca,1654957944
386,poya,-21.35,165.15,21.48,90,56,0.6,nc,1654957945
387,saint-francois,46.4154,3.9054,29.82,39,0,2.06,gp,1654957946
388,saint-philippe,-21.3585,55.7679,21.77,76,81,5.45,re,1654957709
389,rikitea,-23.1203,-134.9692,23.25,81,40,6.9,pf,1654957481
390,ushuaia,-54.8,-68.3,3.81,93,0,2.06,ar,1654957331
391,masterton,-40.9597,175.6575,12.71,76,31,5.77,nz,1654957952
392,arlit,18.7369,7.3853,37.17,19,75,14.86,ne,1654957953
393,punta arenas,-53.15,-70.9167,7.06,93,100,2.57,cl,1654957287
394,bethel,41.3712,-73.414,24.12,57,40,2.06,us,1654957604
395,choma,-16.8065,26.9531,18.03,45,0,3.81,zm,1654957956
396,mataura,-46.1927,168.8643,0.82,95,59,2.27,pf,1654957627
397,bundaberg,-24.85,152.35,10.68,73,84,1.34,au,1654957944
398,busselton,-33.65,115.3333,16.49,79,13,3.91,au,1654957487
399,bredasdorp,-34.5322,20.0403,24.98,25,100,1.6,za,1654957529
400,punta arenas,-53.15,-70.9167,7.06,93,100,2.57,cl,1654957287
401,severo-kurilsk,50.6789,156.125,6.4,85,91,4.49,ru,1654957814
402,kapaa,22.0752,-159.319,22.18,91,75,6.17,us,1654957483
403,puerto ayora,-0.7393,-90.3518,22.98,94,64,1.34,ec,1654957699
404,albany,42.6001,-73.9662,20.79,64,100,0.13,au,1654957789
405,cockburn town,21.4612,-71.1419,28.98,70,40,7.2,bs,1654957967
406,chapais,49.7834,-74.8492,10.88,53,67,2.71,ca,1654957968
407,sao filipe,14.8961,-24.4956,23.77,78,11,2.47,cv,1654957748
408,bereda,43.2686,-7.5406,20.79,86,77,3.4,so,1654957971
409,beringovskiy,63.05,179.3167,3.28,73,46,2.04,ru,1654957972
410,beloha,-25.1667,45.05,20.4,80,0,5.98,mg,1654957974
411,esperance,-33.8667,121.9,14.49,55,42,8.63,au,1654957760
412,tha bo,17.85,102.5814,26.95,78,90,1.27,th,1654957976
413,bambous virieux,-20.3428,57.7575,23.14,73,75,5.14,mu,1654957810
414,aksarka,66.5606,67.7975,19.91,51,35,4.84,ru,1654957978
415,rikitea,-23.1203,-134.9692,23.25,81,40,6.9,pf,1654957481
416,khatanga,71.9667,102.5,11.31,48,31,3.58,ru,1654957540
417,tasiilaq,65.6145,-37.6368,6.09,70,1,0.38,gl,1654957513
418,cabo san lucas,22.8909,-109.9124,27.61,62,43,3.6,mx,1654957780
419,los llanos de aridane,28.6585,-17.9182,22.85,83,20,7.72,es,1654957983
420,kanigoro,-8.13,112.219,23.41,93,93,1.04,id,1654957985
421,boyolangu,-8.1181,111.8935,24.67,91,77,0.98,id,1654957986
422,solnechnyy,50.7214,136.6319,10.24,68,9,1.82,ru,1654957987
423,bethel,41.3712,-73.414,24.12,57,40,2.06,us,1654957604
424,vernon,50.2581,-119.2691,16.63,71,2,1.03,us,1654957827
425,san policarpo,12.1791,125.5072,26.63,78,89,2.53,ph,1654957990
426,hermanus,-34.4187,19.2345,27.11,42,100,3.92,za,1654957557
427,lebu,-37.6167,-73.65,10.26,73,92,1.88,cl,1654957690
428,cherskiy,68.75,161.3,14.78,45,100,2.31,ru,1654957713
429,kapaa,22.0752,-159.319,22.18,91,75,6.17,us,1654957483
430,parrita,9.5201,-84.3225,28.05,75,99,2.17,cr,1654957998
431,verkhniy mamon,50.1635,40.3832,25.23,63,59,2.46,ru,1654957999
432,upernavik,72.7868,-56.1549,-2.84,80,11,4.1,gl,1654957769
433,punta arenas,-53.15,-70.9167,7.06,93,100,2.57,cl,1654957287
434,araouane,18.9048,-3.5265,43.77,5,0,4.48,ml,1654958003
435,port elizabeth,-33.918,25.5701,27.28,26,0,4.12,za,1654957941
436,mataura,-46.1927,168.8643,0.82,95,59,2.27,pf,1654957627
437,anadyr,64.75,177.4833,7.28,42,0,4.0,ru,1654958006
438,anan,33.9167,134.65,19.88,89,100,5.38,jp,1654958008
439,atuona,-9.8,-139.0333,25.12,68,57,5.63,pf,1654957612
440,port augusta,-32.5,137.7667,10.29,88,1,2.86,au,1654958010
441,rikitea,-23.1203,-134.9692,23.25,81,40,6.9,pf,1654957481
442,jamestown,42.097,-79.2353,20.4,63,100,0.89,sh,1654957472
443,bandarbeyla,9.4942,50.8122,28.79,63,93,13.29,so,1654958014
444,christchurch,-43.5333,172.6333,8.51,53,0,4.12,nz,1654957786
445,aswan,24.0934,32.907,43.61,10,0,3.09,eg,1654958016
446,sur,22.5667,59.5289,33.22,63,0,0.97,om,1654958018
447,pisco,-13.7,-76.2167,15.57,100,100,1.03,pe,1654957570
448,codrington,-38.2667,141.9667,11.0,77,100,8.7,ag,1654957683
449,bafra,41.5678,35.9069,27.35,75,72,4.77,tr,1654958023
450,sidrolandia,-20.9319,-54.9614,15.54,56,98,5.05,br,1654957754
451,cape town,-33.9258,18.4232,25.06,40,0,5.14,za,1654957560
452,beberibe,-4.1797,-38.1306,28.67,67,46,4.35,br,1654958026
453,lavrentiya,65.5833,-171.0,1.26,68,66,7.52,ru,1654957787
454,nikolskoye,59.7035,30.7861,23.94,43,33,2.57,ru,1654957515
455,cape town,-33.9258,18.4232,25.06,40,0,5.14,za,1654957560
456,lujan,-34.5703,-59.105,11.01,49,23,3.96,ar,1654958030
457,hobart,-42.8794,147.3294,5.7,85,100,8.75,au,1654957489
458,kyra,49.5776,111.9753,12.08,93,100,7.13,ru,1654958032
459,pisco,-13.7,-76.2167,15.57,100,100,1.03,pe,1654957570
460,chokurdakh,70.6333,147.9167,9.12,55,11,4.76,ru,1654958034
461,vestmannaeyjar,63.4427,-20.2734,11.55,82,40,5.14,is,1654958037
462,talara,-4.5772,-81.2719,19.42,82,100,7.72,pe,1654958038
